timestamp,model_name,target_horizon,modalities,n_samples,mae,rmse,r2,pearson_r,bias,roc_auc,pr_auc,balanced_acc,sensitivity,specificity,brier_score,notes,mae_on,r_on,mae_off,r_off,mae_untreated,r_untreated
2026-09-29 09:47:33,Model 1: Tabular XGBoost,+12 Months (NP3TOT),Multimodal Tabular Snapshot (Latest Visit),583,4.711,6.867,0.774,0.8808,-0.483,,,,,,,"Trained on 2683 pats, evaluated on held-out test set.",7.549,0.7705,,,3.538,0.8309
2026-09-29 09:47:34,Model 1: Tabular XGBoost,+24 Months (NP3TOT),Multimodal Tabular Snapshot (Latest Visit),462,4.971,7.319,0.7506,0.8674,-0.601,,,,,,,Trained on 2155 pats with valid 24m targets.,7.907,0.6942,,,3.399,0.8205
2026-09-29 09:47:34,Model 1: Tabular XGBoost Classifier,+12m Worsening (MCID >= 3.5),Multimodal Tabular Snapshot (Latest Visit),583,0.432,0.458,0.0155,0.3435,0.148,0.7099,0.5521,0.6508,0.5944,0.7072,0.2101,Classification of rapid motor worsening (MCID >= 3.5 points).,0.481,0.266,,,0.411,0.2464
2026-09-29 13:34:58,Model 2: Longitudinal BiLSTM,+12 Months (NP3TOT),Multimodal Sequences (Trajectory History + Delta_t),583,4.792,7.125,0.7567,0.8701,-0.259,,,,,,,BiLSTM with Temporal Attention trained on full visit histories.,7.656,0.7363,,,3.626,0.833
2026-09-29 13:34:58,Model 2: Longitudinal BiLSTM,+24 Months (NP3TOT),Multimodal Sequences (Trajectory History + Delta_t),462,4.84,7.126,0.7636,0.8742,-0.347,,,,,,,BiLSTM with Temporal Attention on 24-month horizon.,7.533,0.7217,,,3.383,0.8358
2026-09-29 13:34:58,Model 2: Longitudinal BiLSTM Classifier,+12m Worsening (MCID >= 3.5),Multimodal Sequences (Trajectory History + Delta_t),583,0.374,0.444,0.0762,0.2903,-0.041,0.6863,0.4686,0.5,0.0,1.0,0.1972,BiLSTM classification of rapid motor worsening.,0.5,0.0567,,,0.323,0.2182
2026-10-01 15:22:23,Model 3: Monomodal Neuroimaging (XGBoost),+12 Months (NP3TOT),Monomodal Neuroimaging Alone (DaTSCAN + MRI),583,7.92,11.345,0.3833,0.6215,0.324,,,,,,,Evaluates standalone prognostic value of brain scans without motor/cognitive exams.,11.902,0.1282,,,6.269,0.5041
2026-10-01 15:22:24,Model 3: Monomodal Neuroimaging (XGBoost),+24 Months (NP3TOT),Monomodal Neuroimaging Alone (DaTSCAN + MRI),462,8.508,11.733,0.3592,0.6082,0.856,,,,,,,Evaluates standalone prognostic value of brain scans on 24-month horizon.,11.518,0.1377,,,6.806,0.4273
2026-10-01 15:22:24,Model 3: Monomodal Neuroimaging Classifier,+12m Worsening (MCID >= 3.5),Monomodal Neuroimaging Alone (DaTSCAN + MRI),583,0.444,0.472,-0.0448,0.2781,0.157,0.6753,0.437,0.6441,0.6778,0.6104,0.223,Classification of rapid motor worsening from imaging alone.,0.5,0.0022,,,0.419,0.2301
2026-10-01 15:22:41,Model 3: Monomodal Neuroimaging (Deep MLP),+12 Months (NP3TOT),Monomodal Neuroimaging Alone (DaTSCAN + MRI),583,7.986,12.376,0.2661,0.558,-2.667,,,,,,,Deep Feedforward Network on imaging-derived features.,13.522,0.024,,,5.684,0.5092
2026-10-01 15:22:41,Model 3: Monomodal Neuroimaging (Deep MLP),+24 Months (NP3TOT),Monomodal Neuroimaging Alone (DaTSCAN + MRI),462,8.251,12.377,0.2869,0.5736,-2.463,,,,,,,Deep Feedforward Network on 24-month horizon.,13.171,0.0557,,,5.512,0.5156
2026-10-01 15:56:26,Fusion: Early Fusion,+12 Months (NP3TOT),Multimodal Deep Fusion (Clinical + Biofluid + Neuroimaging + Genetics),583,5.034,7.629,0.7211,0.8524,-1.052,,,,,,,RQ2 benchmark: Early Fusion evaluated on 583 held-out test patients.,8.676,0.6451,,,3.577,0.8339
2026-10-01 15:56:26,Fusion: Early Fusion,+24 Months (NP3TOT),Multimodal Deep Fusion (Clinical + Biofluid + Neuroimaging + Genetics),462,5.431,8.001,0.702,0.8425,-0.068,,,,,,,RQ2 benchmark: Early Fusion 24-month horizon.,9.124,0.6058,,,3.484,0.8246
2026-10-01 15:56:26,Fusion: Early Fusion Classifier,+12m Worsening (MCID >= 3.5),Multimodal Deep Fusion (Clinical + Biofluid + Neuroimaging + Genetics),583,0.364,0.445,0.0714,0.2935,-0.051,0.6819,0.4895,0.5539,0.1722,0.9355,0.1982,RQ2 benchmark: Early Fusion rapid worsening classification.,0.483,0.1315,,,0.316,0.2016
2026-10-01 18:46:59,Fusion: Late Fusion,+12 Months (NP3TOT),Multimodal Deep Fusion (Clinical + Biofluid + Neuroimaging + Genetics),583,4.891,7.301,0.7446,0.8642,-0.543,,,,,,,RQ2 benchmark: Late Fusion evaluated on 583 held-out test patients.,7.72,0.7211,,,3.707,0.8218
2026-10-01 18:46:59,Fusion: Late Fusion,+24 Months (NP3TOT),Multimodal Deep Fusion (Clinical + Biofluid + Neuroimaging + Genetics),462,5.158,7.594,0.7315,0.8607,0.495,,,,,,,RQ2 benchmark: Late Fusion 24-month horizon.,8.124,0.6883,,,3.516,0.8119
2026-10-01 18:46:59,Fusion: Late Fusion Classifier,+12m Worsening (MCID >= 3.5),Multimodal Deep Fusion (Clinical + Biofluid + Neuroimaging + Genetics),583,0.376,0.445,0.074,0.2929,-0.002,0.6761,0.4964,0.5834,0.2833,0.8834,0.1976,RQ2 benchmark: Late Fusion rapid worsening classification.,0.465,0.2261,,,0.337,0.1687
2026-10-01 19:08:36,Fusion: Cross-Attention Transformer,+12 Months (NP3TOT),Multimodal Deep Fusion (Clinical + Biofluid + Neuroimaging + Genetics),583,5.167,7.775,0.7104,0.8458,-0.891,,,,,,,RQ2 benchmark: Cross-Attention Transformer evaluated on 583 held-out test patients.,8.365,0.6634,,,3.806,0.808
2026-10-01 19:08:36,Fusion: Cross-Attention Transformer,+24 Months (NP3TOT),Multimodal Deep Fusion (Clinical + Biofluid + Neuroimaging + Genetics),462,5.586,8.292,0.6799,0.8306,0.059,,,,,,,RQ2 benchmark: Cross-Attention Transformer 24-month horizon.,8.791,0.6044,,,3.78,0.7847
2026-10-01 19:08:36,Fusion: Cross-Attention Transformer Classifier,+12m Worsening (MCID >= 3.5),Multimodal Deep Fusion (Clinical + Biofluid + Neuroimaging + Genetics),583,0.37,0.446,0.068,0.2818,-0.045,0.6749,0.4906,0.5564,0.15,0.9628,0.1989,RQ2 benchmark: Cross-Attention Transformer rapid worsening classification.,0.485,0.1615,,,0.323,0.1685
